key,name,vat,summary,link,key:user-account
company-01,Base Company,Normal VAT,Normal Summary,https://es.linkedin.com,user-account-company-01
company-02,CC,Normal VAT,Normal Summary,https://es.linkedin.com,user-account-company-01
company-03,C,Normal VAT,Normal Summary,https://es.linkedin.com,user-account-company-01
company-04,CCCCCCCCCCCCCCCCCCCCCCCCCCCCCCCCCCCCCCCCCCCCCCCCCCCCCCCCCCCCCCCCCCCCCCCCCCC,Normal VAT,Normal Summary,https://es.linkedin.com,user-account-company-02
company-05,CCCCCCCCCCCCCCCCCCCCCCCCCCCCCCCCCCCCCCCCCCCCCCCCCCCCCCCCCCCCCCCCCCCCCCCCCC,Normal VAT,Normal Summary,https://es.linkedin.com,user-account-company-02
company-06,CCCCCCCCCCCCCCCCCCCCCCCCCCCCCCCCCCCCC,Normal VAT,Normal Summary,https://es.linkedin.com,user-account-company-01
company-07,Normal Company,V,Normal Summary,https://es.linkedin.com,user-account-company-01
company-08,Normal Company,VA,Normal Summary,https://es.linkedin.com,user-account-company-01
company-09,Normal Company,VATVATVATVATV,Normal Summary,https://es.linkedin.com,user-account-company-01
company-10,Normal Company,VATVATVATVATVATVATVATVAT,Normal Summary,https://es.linkedin.com,user-account-company-02
company-11,Normal Company,VATVATVATVATVATVATVATVAT,Normal Summary,https://es.linkedin.com,user-account-company-02
company-12,Normal Company,Normal VAT,S,https://es.linkedin.com,user-account-company-01
company-13,Normal Company,Normal VAT,SS,https://es.linkedin.com,user-account-company-01
company-14,Normal Company,Normal VAT,SSSSSSSSSSSSSSSSSSSSSSSSSSSSSSSSSSSSSSSSSSSSSSSSSS,https://es.linkedin.com,user-account-company-01
company-15,Normal Company,Normal VAT,SSSSSSSSSSSSSSSSSSSSSSSSSSSSSSSSSSSSSSSSSSSSSSSSSSSSSSSSSSSSSSSSSSSSSSSSSSSSSSSSSSSSSSSSSSSSSSSSSSS,https://es.linkedin.com,user-account-company-02
company-16,Normal Company,Normal VAT,SSSSSSSSSSSSSSSSSSSSSSSSSSSSSSSSSSSSSSSSSSSSSSSSSSSSSSSSSSSSSSSSSSSSSSSSSSSSSSSSSSSSSSSSSSSSSSSSSSSS,https://es.linkedin.com,user-account-company-02
company-17,Normal Company,Normal VAT,Normal Summary,https://es.linkedin.com,user-account-company-01
company-18,<title>ExampleHTML</title>,Normal VAT,Normal Summary,https://es.linkedin.com,user-account-company-01
company-19,Base Company,<script>alert('exampleJS',Normal Summary,https://es.linkedin.com,user-account-company-01
company-20,Base Company,Normal VAT,નમૂના ટેક્સ્ટ.,https://es.linkedin.com,user-account-company-01
